<?xml version="1.0" encoding="UTF-8"?>
<!DOCTYPE hibernate-configuration PUBLIC
		"-//Hibernate/Hibernate Configuration DTD 3.0//EN"
		"http://hibernate.org/dtd/hibernate-configuration-3.0.dtd">
<hibernate-configuration>
	<session-factory>
		<!-- Database connection properties - Driver, URL, user, password -->
		<property name="hibernate.connection.driver_class">com.mysql.jdbc.Driver</property>
		<property name="hibernate.connection.url">jdbc:mysql://localhost:3306/eventReg</property>
   		<property name="hibernate.connection.username">root</property>
   		<property name="hibernate.connection.password">root</property>
   		<property name="show_sql">true</property>
   		<property name="hbm2ddl.auto">update</property>
		
		<!-- Connection Pool Size -->
		<property name="hibernate.connection.pool_size">1</property>
		
		<!-- org.hibernate.HibernateException: No CurrentSessionContext configured! -->
		<property name="hibernate.current_session_context_class">thread</property>
		
		
<!-- 		<property name="hibernate.cache.provider_class">org.hibernate.cache.internal.NoCacheProvider</property> -->
        <property name="cache.use_second_level_cache">true</property>
        <property name="cache.use_quary_cache">true</property>
        <property name="hibernate.cache.provider_class">org.hibernate.cache.EhCacheProvider</property>
        <property name="hibernate.cache.region.factory_class">org.hibernate.cache.ehcache.EhCacheRegionFactory</property>
        <property name="net.sf.ehcache.configurationResourceName">ehcache.xml</property>
		<!-- Outputs the SQL queries, should be disabled in Production -->
		<property name="hibernate.show_sql">true</property>
		
		<!-- Dialect is required to let Hibernate know the Database Type, MySQL, Oracle etc
			Hibernate 4 automatically figure out Dialect from Database Connection Metadata -->
		<property name="hibernate.dialect">org.hibernate.dialect.MySQLDialect</property> 

		<mapping class="org.eventReg.event.model.User"/> 
		<mapping class="org.eventReg.event.model.Employee"/> 
		<mapping class="org.eventReg.event.model.Event"/> 
		<mapping class="org.eventReg.event.model.EmployeeEvent"/> 
		
	</session-factory>
</hibernate-configuration>
