<?xml version="1.0" encoding="UTF-8"?>

<!DOCTYPE struts PUBLIC
	"-//Apache Software Foundation//DTD Struts Configuration 2.3//EN"
	"http://struts.apache.org/dtds/struts-2.3.dtd">
<struts>
<constant name="struts.devMode" value="true"></constant>
<constant name="struts.convention.result.path" value="/"></constant>
<constant name="struts.action.extension" value="do,,json" />

<package name="default" extends="struts-default" namespace="/">
 	<action name="login">
		<result>/login.jsp</result>
	</action>
	<action name="login" class="org.eventReg.event.action.LoginAction">
	     <result name="success" type="redirectAction">
					<param name="actionName">home</param>
		</result>
		<result name="input">/login.jsp</result>			
		<result name="error">/error.jsp</result>
	</action>
	
	<action name="home">
		<result>/home.jsp</result>
	</action>
	
		
	<action name="employeeRegister" class="org.eventReg.event.action.EmployeeRegistrationAction" method="landing">
		<result name="success">/employeeRegistration.jsp</result>
		<result name="error">/error.jsp</result>
	</action>
	
	
	<action name="registerEmployee" class="org.eventReg.event.action.EmployeeRegistrationAction">
		 <result name="success" type="redirectAction">
				<param name="actionName">employeeRegister</param>
				<param name="successMsg">${successMsg}</param>
	     </result>
		 <result name="error">/error.jsp</result>
	</action>
	
	<action name="employeeList" class="org.eventReg.event.action.EmployeeRegistrationAction" method="fetchEmployeeList">
		<result name="success">/employeeList.jsp</result>
		<result name="error">/error.jsp</result>
	</action>
	
	<action name="eventFilter" class="org.eventReg.event.action.EmployeeRegistrationAction" method="eventFilterLanding">
		<result name="success">/eventFilter.jsp</result>
		<result name="error">/error.jsp</result>
	</action>
	
	<action name="applyEventFilter" class="org.eventReg.event.action.EmployeeRegistrationAction" method="applyEventFilter">
		<result name="success">/eventFilter.jsp</result>
		<result name="error">/error.jsp</result>
	</action>

</package>

</struts>